Word,Count
the,18
macos,13
installer,9
or,8
to,7
el,7
capitan,7
a,6
install,6
you,5
from,5
for,5
it,5
sierra,5
is,5
disk,4
mac,4
download,4
in,4
your,4
that,4
can,3
use,3
an,3
as,3
these,3
and,3
with,3
command,3
bootable,3
each,3
catalina,3
mojave,3
high,3
applications,3
folder,3
app,3
named,3
image,3
this,3
system,2
steps,2
are,2
administrators,2
upgrade,2
on,2
without,2
downloading,2
if,2
after,2
using,2
not,2
os,2
x,2
argument,2
external,1
drive,1
secondary,1
volume,1
startup,1
which,1
operating,1
advanced,1
primarily,1
others,1
who,1
familiar,1
line,1
don't,1
need,1
reinstall,1
but,1
be,1
useful,1
when,1
want,1
multiple,1
computers,1
time,1
find,1
appropriate,1
link,1
instructions,1
version,1
installers,1
of,1
versions,1
directly,1
opens,1
quit,1
continuing,1
installation,1
important,1
get,1
correct,1
10.12.5,1
later,1
10.11.6,1
enterprise,1
please,1
apple,1
locally,1
hosted,1
software-update,1
server,1
downloads,1
compatible,1
open,1
run,1
within,1
installmacosx.pkg,1
installs,1
into,1
will,1
create,1
.pkg,1
,1
earlier,1
include,1
--applicationpath,1
similar,1
way,1
used,1
creating,1
follow,1
more,1
information,1
about,1
createinstallmedia,1
arguments,1
make,1
sure,1
then,1
enter,1
path,1
terminal,1
